well,name,target,sec_conc_uM,tot_yield_mg,ell_freecys_uM,main_peak_agg_state
A1,Target4_01,Target 4,10.19104160323322,0.11968617985332086,88.5571571680744,3
A12,Target7_01,Target 7,10.062555634834514,0.13506498951141235,-0.8826896587939198,2
A4,Target4_02,Target 4,13.176662541985419,0.16876782972878104,-0.5239736955845545,2
A8,Target4_03,Target 4,12.293663641521462,0.15767963396943588,-0.7631176710574648,2
A9,Target4_04,Target 4,15.472943764052255,0.18905916137279383,-0.16525773237519095,5
B1,Target7_02,Target 7,1.6654978468927017,0.018147842968555886,0.7913181695164497,3
B11,Target9_02,Target 9,11.779549832785433,0.15448944704550283,-0.16525773237519095,2
B12,Target9_03,Target 9,3.6454591329977406,0.023589065666069883,-0.045685744638735884,2
B2,Target7_03,Target 7,10.188711812718063,0.12392701037095534,6.411201593129832,5
B3,Target7_04,Target 7,9.738803419376271,0.12675675820037124,-0.045685744638735884,2
B4,Target7_05,Target 7,2.6941816265140437,0.018439417955893624,-0.16525773237519095,2
B8,Target7_06,Target 7,13.730785432558186,0.16321746930490566,-0.16525773237519095,2
B9,Target9_01,Target 9,3.8225389413566573,0.029629183878057266,-0.045685744638735884,2
C1,Target9_04,Target 9,2.156814417044498,0.04745204468611322,-0.5239736955845545,0
C10,Target2_01,Target 2,21.47865276936505,0.26092097126229813,-0.4044017078480995,2
C12,Target2_02,Target 2,13.825952723376473,0.16998757493880937,0.5521741940435395,2
C2,Target9_05,Target 9,13.460241762156366,0.17373425660826153,0.43260220630708446,2
D1,Target2_03,Target 2,18.335239870198233,0.20738132528917652,0.1934582308341743,3
D10,Target8_03,Target 8,8.356436996711942,0.10340877596058155,0.1934582308341743,3
D11,Target8_04,Target 8,9.183855266601379,0.11549499607216258,0.6717461817799946,2
D12,Target8_05,Target 8,7.791805730460076,0.07924047674376851,-1.0022616465303749,2
D3,Target2_04,Target 2,15.578894447392019,0.19040104821623774,-0.6435456833210096,2
D4,Target2_05,Target 2,13.677786183988076,0.16803625960497276,-0.6435456833210096,2
D5,Target2_06,Target 2,17.169917790428045,0.19393729175011784,-0.28482972011164437,3
D8,Target8_01,Target 8,10.150408141892683,0.13624074161087196,34.510618711196756,2
D9,Target8_02,Target 8,11.283481348970028,0.14520048101437438,0.7913181695164497,2
E1,Target8_06,Target 8,5.119458261523548,0.06612479391746115,-0.4044017078480995,2
E10,Target5_04,Target 5,14.062409322397938,0.17973391318550483,1.987038046880999,2
E11,Target5_05,Target 5,14.826028116298838,0.1764607045682557,0.1934582308341743,3
E12,Target5_06,Target 5,10.614659193801646,0.1340990712323989,96.44890835868044,2
E2,Target8_07,Target 8,12.267586940569727,0.1537678609612467,17.6509684403566,2
E3,Target8_08,Target 8,10.254541202513206,0.1310332548499125,-0.4044017078480995,2
E4,Target8_09,Target 8,13.81613350158286,0.1710510910291784,-0.28482972011164437,2
E5,Target8_10,Target 8,15.416158216301646,0.18863966352131462,0.6717461817799946,2
E6,Target5_01,Target 5,15.282610688419863,0.21185693185488155,42.40236990180278,2
E7,Target5_02,Target 5,14.002101072362555,0.17136321773948357,4.2589058138736435,2
E8,Target5_03,Target 5,15.498321600539056,0.19519857109043665,1.6283220836716352,2
F1,Target5_07,Target 5,16.844956923439845,0.2070954148679001,0.0738862430977192,2
