,Number,Destination Plate Name,well_ID,Name,Peptide_length,tagged_peptide_length,96w,Source Well,Source Plate Name,Vector,nAA,protomer_MW,aliphatic_idx,e280,OD280,e205,OD205,nC,charge@7.4,pI,MW,culture_vol,culture_time,culture_temp,sec_instrument,sec_column,sec_buffer,category,trace_id,flow_rate,main_peak,main_peak_height,tot_integral,nPeaks,monodisperse,well_id,path_length,tot_yield,yield_per_Leq,tot_yield_from_205nm,yield_per_Leq_from_205nm,expected_norm_retention,expected_Vel,main_peak_norm_retention,main_peak_estimated_MW,main_peak_agg_state,correct_Vel_95CI,correct_Vel_99CI,pooled_vol,pooled_integral,pooled_peak_Abs,pooled_peak_vol,plate_well,conc_uM,conc_mgmL,pooled_mg,pooled_peak_estimated_MW,pooled_peak_agg_state,pooled_is_main,Destination Well,buffer_vol,normed_conc_uM
0,1,1,A1,bcat_jf2_1,18,159,A1,A1,1,1_yfb001_periplasmic_peptide_expression_pet-24b,159,17813.95304,62.515723270440255,16960,0.9520626871485229,628890,35.30322543165298,4,-6.638677232433469,5.85,17813.95304,4.0,16,25,hplc,S75_5-150,TBS,1,D1F-A1,0.65,1.269125,279.229164123535,113.94874600569408,3,False,1_A1,1,0.11968617985332086,29.921544963330216,0.0032277148790922448,29.921544963330216,0.3300113726746714,1.7274682671667576,0.08869340119340229,53285.715618399445,3,False,False,0.52325,90.43856432040462,346.11368179321266,1.269125,1_A1,10.19104160323322,0.1815427365486829,0.09499223689909832,53285.715618399445,3,True,A1,0.0,10.19104160323322
1,4,1,A4,bcat_jf2_2,18,159,A4,A4,1,1_yfb001_periplasmic_peptide_expression_pet-24b,159,17744.84964,63.77358490566037,15470,0.8718022589004029,628010,35.39111419599496,4,-7.532301580670067,5.81,17744.84964,4.0,16,25,hplc,S75_5-150,TBS,1,D1F-A4,0.65,1.4365,570.708274841309,147.13217518726987,3,False,1_A4,1,0.16876782972878104,42.19195743219526,0.00415731966991647,42.19195743219526,0.33086739733664583,1.7290941433414013,0.17681642681642784,35714.339135603455,2,False,False,0.5999499999999998,122.2955895662324,574.3260383605962,1.4365,1_A4,13.176662541985419,0.23381789556455143,0.1402790464439526,35714.339135603455,2,True,A4,0.0,13.176662541985419
2,8,1,A8,bcat_jf2_7,18,159,A8,A8,1,1_yfb001_periplasmic_peptide_expression_pet-24b,159,17683.764040000002,63.77358490566037,13980,0.7905556740283217,609480,34.465513033389236,4,-7.627968133051857,5.64,17683.764040000002,4.0,16,25,hplc,S75_5-150,TBS,1,D1F-A8,0.65,1.5169375000000003,614.402770996094,124.65452931324643,2,False,1_A8,1,0.15767963396943588,39.41990849235897,0.0036167901865405156,39.41990849235897,0.33162688121416295,1.7305366563860987,0.21916681291681397,29466.778977594055,2,False,False,0.5999499999999995,103.11065735419653,617.6481246948244,1.5169375000000003,1_A8,12.293663641521462,0.21739824702379276,0.13042807830192438,29466.778977594055,2,True,A8,0.0,12.293663641521462
3,9,1,A9,bcat_jf2_8,18,159,A9,A9,1,1_yfb001_periplasmic_peptide_expression_pet-24b,159,17699.936340000004,69.24528301886792,15470,0.8740144429242618,614210,34.70125475038855,4,-5.635201251575873,6.07,17699.936340000004,4.0,16,25,hplc,S75_5-150,TBS,1,D1F-A9,0.65,1.0879375,437.270641326904,165.24043760697052,3,False,1_A9,1,0.18905916137279383,47.264790343198456,0.004761800078860847,47.264790343198456,0.331425554218038,1.7301542693114587,-0.006701912951911782,82171.09605345495,5,False,False,0.6005999999999999,143.76348388195095,443.97258758544893,1.0879375,1_A9,15.472943764052255,0.27387011961612495,0.16448639384144462,82171.09605345495,5,True,A9,0.0,15.472943764052255
4,12,1,A12,chip_11,14,155,A12,A12,1,1_yfb001_periplasmic_peptide_expression_pet-24b,155,17053.06524,62.90322580645162,12490,0.7324196456308169,599530,35.156729395119584,4,-6.625085410435007,5.84,17053.06524,4.0,16,25,hplc,S75_5-150,TBS,1,D1F-A12,0.65,1.5331875000000001,394.928932189941,98.92425175507863,3,False,1_A12,1,0.13506498951141235,33.76624737785309,0.0028138070138233958,33.76624737785309,0.3396254632521569,1.745728629870262,0.22772244647244744,28344.054087781944,2,False,False,0.5999499999999998,75.40250786145586,398.868083953857,1.5331875000000001,1_A12,10.062555634834514,0.17159741772196258,0.10294987076229141,28344.054087781944,2,True,A12,0.0,10.062555634834514
5,13,1,B1,chip_2,13,154,B1,B1,1,1_yfb001_periplasmic_peptide_expression_pet-24b,154,17010.94114,63.311688311688314,12490,0.7342333323716386,598100,35.15972426673155,4,-8.623085618586172,5.37,17010.94114,4.0,16,25,hplc,S75_5-150,TBS,1,D1F-B1,0.65,1.2675,20.0200080871582,13.324751218159996,4,False,1_B1,1,0.018147842968555886,4.536960742138971,0.0003789776938258869,4.536960742138971,0.34017017729850396,1.7467632234156238,0.08783783783783894,53493.113032904716,3,False,False,0.1371500000000001,2.8530036409696646,24.067401885986378,1.4755,1_B1,1.6654978468927017,0.02833168584228848,0.0038856907132698683,32535.15980619728,2,False,B1,0.0,1.6654978468927017
6,14,1,B2,chip_3,18,159,B2,B2,1,1_yfb001_periplasmic_peptide_expression_pet-24b,159,17598.66374,66.22641509433961,17990,1.0222367030691388,633750,36.0112568410265,4,-6.6233742548117505,5.83,17598.66374,4.0,16,25,hplc,S75_5-150,TBS,1,D1F-B2,0.65,1.08875,615.255355834961,126.68273850282034,2,False,1_B2,1,0.12392701037095534,30.981752592738836,0.0035178649571179273,30.981752592738836,0.3326893273355864,1.7325545957193889,-0.00627413127413005,82011.64914152991,5,False,False,0.6006,110.08693226178525,618.5564994812013,1.08875,1_B2,10.188711812718063,0.17930771313579105,0.10769221250935611,82011.64914152991,5,True,B2,0.0,10.188711812718063
7,15,1,B3,chip_4,18,159,B3,B3,1,1_yfb001_periplasmic_peptide_expression_pet-24b,159,17541.436139999998,61.32075471698113,12490,0.7120283596118374,613350,34.9657801735725,4,-9.621927409143417,5.21,17541.436139999998,4.0,16,25,hplc,S75_5-150,TBS,1,D1F-B3,0.65,1.5101666666666647,402.075290679932,90.25440661112467,2,False,1_B3,1,0.12675675820037124,31.689189550092813,0.002581221015607136,31.689189550092813,0.33340668603388623,1.7339170990070265,0.21560196560196546,29947.60683447292,2,False,False,0.5888999999999995,71.63241485754682,406.9166183471683,1.5101666666666647,1_B3,9.738803419376271,0.1708325982610025,0.1006033171159043,29947.60683447292,2,True,B3,0.0,9.738803419376271
8,16,1,B4,chip_5,13,154,B4,B4,1,1_yfb001_periplasmic_peptide_expression_pet-24b,154,17108.057240000002,63.311688311688314,17990,1.0515513098669056,617550,36.09702675977252,4,-9.622503416683923,5.2,17108.057240000002,4.0,16,25,hplc,S75_5-150,TBS,1,D1F-B4,0.65,1.53075,72.2603797912598,19.389994104703277,2,False,1_B4,1,0.018439417955893624,4.609854488973406,0.0005371631916873552,4.609854488973406,0.3389163735132237,1.7443818320927815,0.22643910143910237,28509.6950982747,2,False,False,0.25285000000000024,12.255216598510739,77.71015167236331,1.53075,1_B4,2.6941816265140437,0.046092213481358564,0.011654416178761524,28509.6950982747,2,True,B4,0.0,2.6941816265140437
9,20,1,B8,chip_9,8,149,B8,B8,1,1_yfb001_periplasmic_peptide_expression_pet-24b,149,16517.423740000002,62.81879194630872,17990,1.0891529020009265,594650,36.0013770525209,4,-8.623373622356423,5.37,16517.423740000002,4.0,16,25,hplc,S75_5-150,TBS,1,D1F-B8,0.65,1.5732708333333356,902.423858642578,177.76878035068512,2,False,1_B8,1,0.16321746930490566,40.80436732622641,0.004937832797099559,40.80436732622641,0.3466543549689072,1.7590788382042764,0.24882634257634464,25754.17135106776,2,False,False,0.6005999999999998,148.35830805699203,906.3730239868163,1.5732708333333356,1_B8,13.730785432558186,0.2267972012725828,0.13621439908431318,25754.17135106776,2,True,B8,0.0,13.730785432558184
10,21,1,B9,dnan_1,15,156,B9,B9,1,1_yfb001_periplasmic_peptide_expression_pet-24b,156,17334.331040000005,67.43589743589743,12490,0.7205354490564752,595060,34.32840867218144,4,-10.621039952770673,5.11,17334.331040000005,4.0,16,25,hplc,S75_5-150,TBS,1,D1F-B9,0.65,1.5342708333333357,68.8133239746094,21.348877310752865,3,False,1_B9,1,0.029629183878057266,7.407295969514316,0.0006219011639783135,7.407295969514316,0.33602249227901426,1.7388853870019396,0.22829282204282417,28270.74510367934,2,False,False,0.23270000000000013,11.109915097554646,74.5949745178223,1.5342708333333357,1_B9,3.8225389413566573,0.06626115542276746,0.015418970866877997,28270.74510367934,2,True,B9,0.0,3.8225389413566573
11,23,1,B11,dnan_11,18,159,B11,B11,1,1_yfb001_periplasmic_peptide_expression_pet-24b,159,17665.745940000004,67.9874213836478,13980,0.7913619978166626,609480,34.500665982067204,4,-9.62625634497327,5.24,17665.745940000004,4.0,16,25,hplc,S75_5-150,TBS,1,D1F-B11,0.65,1.5028541666666646,524.709701538086,122.25707745552063,3,False,1_B11,1,0.15448944704550283,38.62236176137571,0.0035436149991732785,38.62236176137571,0.33185140330401985,1.7309630986754336,0.21175193050193034,30475.71733241715,2,False,False,0.6006,98.90567086140162,528.491497039795,1.5028541666666646,1_B11,11.779549832785433,0.20809453463355698,0.12498157750091433,30475.71733241715,2,True,B11,0.0,11.779549832785433
12,24,1,B12,dnan_2,14,155,B12,B12,1,1_yfb001_periplasmic_peptide_expression_pet-24b,155,17093.127040000003,70.38709677419355,13980,0.8178725851206216,597010,34.92690357960388,4,-9.626849603214021,5.2,17093.127040000003,4.0,16,25,hplc,S75_5-150,TBS,1,D1F-B12,0.65,1.5331875000000001,76.0350227355957,19.292850116888673,3,False,1_B12,1,0.023589065666069883,5.89726641651747,0.0005523779132873101,5.89726641651747,0.339108664067739,1.7447470559526574,0.22772244647244744,28344.054087781944,2,False,False,0.23334999999999995,11.892337083816615,81.53438568115234,1.5331875000000001,1_B12,3.6454591329977406,0.06231229607945865,0.014540574290141673,28344.054087781944,2,True,B12,0.0,3.64545913299774
13,25,1,C1,dnan_3,17,158,C1,C1,1,1_yfb001_periplasmic_peptide_expression_pet-24b,158,17396.35554,66.0126582278481,12490,0.7179664712693036,607870,34.94237621220749,4,-11.620763005338922,4.96,17396.35554,4.0,16,25,hplc,S75_5-150,TBS,1,D1F-C1,0.65,2.4312708333333357,34.855842590332,34.06897707780202,2,False,1_C1,1,0.04745204468611322,11.863011171528305,0.0009750045867201113,11.863011171528305,0.33523583818316727,1.737391268655894,0.7005637943137959,3311.881217652314,0,False,False,0.6006,16.1793304085728,31.7773818969727,1.4844375,1_C1,2.156814417044498,0.03752071043270392,0.022534938685881974,31847.40571963917,2,False,C1,0.0,2.156814417044498
14,26,1,C2,dnan_4,17,158,C2,C2,1,1_yfb001_periplasmic_peptide_expression_pet-24b,158,17465.46484,66.0126582278481,12490,0.7151255414281891,609220,34.881407714081774,4,-10.620763321566589,5.09,17465.46484,4.0,16,25,hplc,S75_5-150,TBS,1,D1F-C2,0.65,1.4801041666666646,566.458225250244,124.24180432160696,2,False,1_C2,1,0.17373425660826153,43.43356415206538,0.0035618345836269105,43.43356415206538,0.3343626246749327,1.7357327451325875,0.19977404352404335,32179.027379271978,2,False,False,0.5999499999999998,100.86264584461931,570.3530311584472,1.4801041666666646,1_C2,13.460241762156366,0.23508937923484166,0.14104187307194319,32179.027379271978,2,True,C2,0.0,13.460241762156366
15,34,1,C10,gaba_11,16,157,C10,C10,1,1_yfb001_periplasmic_peptide_expression_pet-24b,157,17468.421940000004,63.94904458598725,17990,1.0298583387664608,617290,35.33747937393822,4,-10.621327956540924,5.1,17468.421940000004,4.0,16,25,hplc,S75_5-150,TBS,1,D1F-C10,0.65,1.3836875000000002,1344.5611000061,268.7116380135218,1,True,1_C10,1,0.26092097126229813,65.23024281557453,0.007604154081564165,65.23024281557453,0.33432533809523335,1.7356619254888783,0.14901061776061886,40520.27509839667,2,False,False,0.6006,232.07241857051886,1347.7053642272915,1.3836875000000002,1_C10,21.47865276936505,0.37519816927801825,0.22534402046837776,40520.27509839667,2,True,C10,0.0444039426640324,20.0
16,36,1,C12,gaba_3,15,156,C12,C12,1,1_yfb001_periplasmic_peptide_expression_pet-24b,156,17315.25604,63.717948717948715,17990,1.038968176874848,615940,35.57209888072784,4,-11.620763005338922,4.96,17315.25604,4.0,16,25,hplc,S75_5-150,TBS,1,D1F-C12,0.65,1.4411041666666646,854.91943359375,176.61168082555136,2,False,1_C12,1,0.16998757493880937,42.49689373470234,0.004964893452526513,42.49689373470234,0.3362649857055935,1.7393459628501557,0.17924052299052287,35323.40716083641,2,False,False,0.6006,149.38657102982177,858.5481643676758,1.4411041666666646,1_C12,13.825952723376473,0.23939991140219893,0.1437835867881607,35323.40716083641,2,True,C12,0.0,13.82595272337647
17,37,1,D1,gaba_4,15,156,D1,D1,1,1_yfb001_periplasmic_peptide_expression_pet-24b,156,17359.25044,63.717948717948715,19480,1.1221682679980969,620190,35.72677300460676,4,-12.624238986196522,4.88,17359.25044,4.0,16,25,hplc,S75_5-150,TBS,1,D1F-D1,0.65,1.317875,1287.24384307861,232.71674261490512,1,True,1_D1,1,0.20738132528917652,51.84533132229413,0.006513791284337313,51.84533132229413,0.335706102850335,1.7382844580137347,0.11436030186030284,47424.05767332916,3,False,False,0.6006000000000002,214.5165858864799,1293.3530807495085,1.317875,1_D1,18.335239870198233,0.3182860207842442,0.19116258408301712,47424.05767332916,3,True,D1,0.0,18.335239870198233
18,39,1,D3,gaba_6,15,156,D3,D3,1,1_yfb001_periplasmic_peptide_expression_pet-24b,156,17313.17894,63.717948717948715,17990,1.0390928241627704,614110,35.47066671743185,4,-12.619892799666424,4.88,17313.17894,4.0,16,25,hplc,S75_5-150,TBS,1,D1F-D3,0.65,1.4457083333333356,1036.98635101318,197.84436291456228,1,True,1_D3,1,0.19040104821623774,47.600262054059435,0.0055776894325285644,47.600262054059435,0.3362914072369687,1.7393961461454146,0.18166461916462132,34936.75435831723,2,False,False,0.6006,168.3267452518146,1040.6961441040003,1.4457083333333356,1_D3,15.578894447392019,0.26972018725507046,0.16199394446539533,34936.75435831723,2,True,D3,0.0,15.578894447392019
19,40,1,D4,gaba_7,15,156,D4,D4,1,1_yfb001_periplasmic_peptide_expression_pet-24b,156,17348.288539999998,62.43589743589744,19480,1.1228773348497698,622420,35.8778906959545,4,-10.625979397541522,5.07,17348.288539999998,4.0,16,25,hplc,S75_5-150,TBS,1,D1F-D4,0.65,1.428375,885.351181030273,188.68410734335583,2,False,1_D4,1,0.16803625960497276,42.00906490124319,0.0052590635537175376,42.00906490124319,0.33584522474181666,1.7385486968596222,0.17253861003861098,36414.80318596368,2,False,False,0.5999499999999998,159.85264275470936,891.7407989501949,1.428375,1_D4,13.677786183988076,0.23728618130825063,0.1423598444758849,36414.80318596368,2,True,D4,0.0,13.677786183988076
20,41,1,D5,gaba_8,15,156,D5,D5,1,1_yfb001_periplasmic_peptide_expression_pet-24b,156,17298.16724,63.717948717948715,17990,1.0399945699680957,614510,35.52457271768174,4,-11.620763005338922,4.96,17298.16724,4.0,16,25,hplc,S75_5-150,TBS,1,D1F-D5,0.65,1.324375,1096.87042236328,201.69373033444091,1,True,1_D5,1,0.19393729175011784,48.48432293752946,0.005677583568346519,48.48432293752946,0.33648245627539675,1.739759011952402,0.11778255528255635,46692.855188760244,3,False,False,0.6006,185.51742472251019,1100.7099151611317,1.324375,1_D5,17.169917790428045,0.2970081094358755,0.17838307052718685,46692.855188760244,3,True,D5,0.0,17.169917790428045
21,44,1,D8,mcl1_10,18,159,D8,D8,1,1_yfb001_periplasmic_peptide_expression_pet-24b,159,17443.507940000003,68.67924528301887,12490,0.7160257009634495,604750,34.66905865953932,4,-7.62250404913925,5.61,17443.507940000003,4.0,16,25,hplc,S75_5-150,TBS,1,D1F-D8,0.65,1.5161250000000002,410.875797271729,97.5518725117048,3,False,1_D8,1,0.13624074161087196,34.06018540271799,0.002813802170681754,34.06018540271799,0.3346396806080807,1.7362589667016133,0.21873903123903224,29524.068240296805,2,False,False,0.59995,76.06081968545915,414.5526885986333,1.5161250000000002,1_D8,10.150408141892683,0.1770587250173457,0.10622638207415655,29524.068240296805,2,True,D8,0.0,10.150408141892683
22,45,1,D9,mcl1_12,17,158,D9,D9,1,1_yfb001_periplasmic_peptide_expression_pet-24b,158,17507.412340000003,63.54430379746835,13980,0.7985189203580498,614350,35.090851124604285,4,-11.62510919186902,4.96,17507.412340000003,4.0,16,25,hplc,S75_5-150,TBS,1,D1F-D9,0.65,1.5139583333333357,423.879623413086,115.94533133506775,3,False,1_D9,1,0.14520048101437438,36.3001202535936,0.0033041470246292083,36.3001202535936,0.3338342909038543,1.7347292631900526,0.21759828009828228,29677.384728553083,2,False,False,0.6006,94.74048739671576,427.4640083312989,1.5139583333333357,1_D9,11.283481348970028,0.19754456060711775,0.11864526310063493,29677.384728553083,2,True,D9,0.0,11.283481348970028
23,46,1,D10,mcl1_2,18,159,D10,D10,1,1_yfb001_periplasmic_peptide_expression_pet-24b,159,17580.701240000002,66.85534591194968,13980,0.79519012405446,610760,34.74036624946366,4,-8.627414554416022,5.39,17580.701240000002,4.0,16,25,hplc,S75_5-150,TBS,1,D1F-D10,0.65,1.3027083333333356,195.33109664917,82.2296373844147,3,False,1_D10,1,0.10340877596058155,25.852193990145388,0.0023669766977682397,25.852193990145388,0.33291423914863527,1.7329817782229733,0.1063750438750461,49175.03689832817,3,False,False,0.6006000000000002,70.16388732194821,204.0748596191407,1.3027083333333356,1_D10,8.356436996711942,0.14691202227007552,0.08823536057540739,49175.03689832817,3,True,D10,0.0,8.356436996711942
24,47,1,D11,mcl1_3,18,159,D11,D11,1,1_yfb001_periplasmic_peptide_expression_pet-24b,159,17586.618840000003,63.77358490566038,13980,0.7949225560175953,610760,34.728676703383876,4,-9.62654434874352,5.23,17586.618840000003,4.0,16,25,hplc,S75_5-150,TBS,1,D1F-D11,0.65,1.5237083333333354,337.851047515869,91.80957748492561,3,False,1_D11,1,0.11549499607216258,28.873749018040645,0.002643624410715883,28.873749018040645,0.3328401184031051,1.7328409982202961,0.22273166023166224,28993.671117482438,2,False,False,0.6006000000000001,77.11121215422865,342.03577041625965,1.5237083333333354,1_D11,9.183855266601379,0.1615129620554451,0.09700468501050034,28993.671117482438,2,True,D11,0.0,9.183855266601379
25,48,1,D12,mcl1_4,18,159,D12,D12,1,1_yfb001_periplasmic_peptide_expression_pet-24b,159,17361.266739999995,66.28930817610062,12490,0.7194175509799237,602050,34.677769140709614,4,-12.620474685341005,4.87,17361.266739999995,4.0,16,25,hplc,S75_5-150,TBS,1,D1F-D12,0.65,1.4792916666666645,241.670608520508,57.006989717483535,2,False,1_D12,1,0.07924047674376851,19.810119185942128,0.0016439059123489223,19.810119185942128,0.3356805227402937,1.7382358728580631,0.1993462618462616,32241.589790808368,2,False,False,0.4205500000000002,40.92778031031288,246.99115753173848,1.4792916666666645,1_D12,7.791805730460076,0.13527561767277788,0.056890161012286763,32241.589790808368,2,True,D12,0.0,7.791805730460076
26,49,1,E1,mcl1_5,18,159,E1,E1,1,1_yfb001_periplasmic_peptide_expression_pet-24b,159,17566.674440000003,66.22641509433963,13980,0.7958250747886005,610760,34.76810605707337,4,-8.627414554416022,5.39,17566.674440000003,4.0,16,25,hplc,S75_5-150,TBS,1,D1F-E1,0.65,1.5247916666666645,139.500141143799,52.62376906474432,3,False,1_E1,1,0.06612479391746115,16.531198479365287,0.0015135644426061087,16.531198479365287,0.33309003117312175,1.7333156658748146,0.2233020358020356,28918.681965668387,2,False,False,0.6006000000000002,42.984957913557196,145.27320861816423,1.5247916666666645,1_E1,5.119458261523548,0.08993185658935257,0.05401307306756518,28918.681965668387,2,True,E1,0.0,5.119458261523548
27,50,1,E2,mcl1_6,18,159,E2,E2,1,1_yfb001_periplasmic_peptide_expression_pet-24b,159,17595.67264,66.22641509433963,13980,0.7945135310269105,611710,34.764797715627424,4,-9.625397828094604,5.23,17595.67264,4.0,16,25,hplc,S75_5-150,TBS,1,D1F-E2,0.65,1.5280416666666645,341.117382049561,122.17064617077513,3,False,1_E2,1,0.1537678609612467,38.441965240311674,0.0035142055814654477,38.441965240311674,0.3327267635216091,1.7326256995153748,0.22501316251316228,28694.876215402655,2,False,False,0.6006,103.00341977675637,348.3304977416997,1.5280416666666645,1_E2,12.267586940569727,0.21585644388900407,0.12964338019973584,28694.876215402655,2,True,E2,0.0,12.267586940569727
28,51,1,E3,mcl1_7,18,159,E3,E3,1,1_yfb001_periplasmic_peptide_expression_pet-24b,159,17391.33654,67.42138364779875,12490,0.718173670624627,602050,34.617810920701096,4,-11.621344891013507,4.95,17391.33654,4.0,16,25,hplc,S75_5-150,TBS,1,D1F-E3,0.65,1.4868750000000002,410.589218139648,94.10463360945386,2,False,1_E3,1,0.1310332548499125,32.75831371247812,0.002718387763600045,32.75831371247812,0.3352993895689047,1.7375119739212048,0.20333889083889184,31662.372647668682,2,False,False,0.5843500000000004,74.84309198459056,415.86685180664017,1.4868750000000002,1_E3,10.254541202513206,0.17834017711620345,0.10421308249785355,31662.372647668682,2,True,E3,0.0,10.254541202513206
29,52,1,E4,mcl1_8,18,159,E4,E4,1,1_yfb001_periplasmic_peptide_expression_pet-24b,159,17563.612440000004,66.22641509433961,13980,0.7959638171109631,609330,34.69274911875702,4,-8.627414554416022,5.39,17563.612440000004,4.0,16,25,hplc,S75_5-150,TBS,1,D1F-E4,0.65,1.522625,479.629993438721,136.15047933657965,3,False,1_E4,1,0.1710510910291784,42.7627727572946,0.003924464990379455,42.7627727572946,0.3331284246050292,1.7333885877998174,0.2221612846612855,29068.85472397156,2,False,False,0.6006000000000004,116.00561753908836,484.73358154296903,1.522625,1_E4,13.81613350158286,0.2426612142411015,0.14574232527320566,29068.85472397156,2,True,E4,0.0,13.816133501582858
30,53,1,E5,mcl1_9,18,159,E5,E5,1,1_yfb001_periplasmic_peptide_expression_pet-24b,159,17549.585540000004,66.22641509433961,13980,0.7966000090506979,609330,34.720478076885676,4,-8.627996440090604,5.38,17549.585540000004,4.0,16,25,hplc,S75_5-150,TBS,1,D1F-E5,0.65,1.5204583333333355,543.3349609375,150.27035766839984,3,False,1_E5,1,0.18863966352131462,47.159915880328654,0.004328003702473173,47.159915880328654,0.33330438899252446,1.7337228028264666,0.22102053352053555,29219.80731924528,2,False,False,0.6006,129.44004585345655,548.5210418701172,1.5204583333333355,1_E5,15.416158216301646,0.27054718731515964,0.1624906407014849,29219.80731924528,2,True,E5,0.0,15.416158216301648
31,54,1,E6,mrka_1,15,156,E6,E6,1,1_yfb001_periplasmic_peptide_expression_pet-24b,156,17207.190540000003,56.85897435897436,15470,0.8990427556455708,605870,35.21028017860258,4,-4.63579482604429,6.27,17207.190540000003,4.0,16,25,hplc,S75_5-150,TBS,1,D1F-E6,0.65,1.5448333333333355,783.214092254639,190.46843981742862,3,False,1_E6,1,0.21185693185488155,52.96423296372039,0.0054094553877812365,52.96423296372039,0.3376438463079796,1.7419648787542878,0.2338539838539859,27565.84447270257,2,False,False,0.6006,141.9950456023231,788.895130157471,1.5448333333333355,1_E6,15.282610688419863,0.2629707940642812,0.1579402589150073,27565.84447270257,2,True,E6,0.0,15.282610688419865
32,55,1,E7,mrka_11,18,159,E7,E7,1,1_yfb001_periplasmic_peptide_expression_pet-24b,159,17291.26554,66.28930817610063,12490,0.7223300093973342,602450,34.841290165045955,4,-8.624232139235088,5.37,17291.26554,4.0,16,25,hplc,S75_5-150,TBS,1,D1F-E7,0.65,1.5004166666666645,512.531757354736,123.78079468011859,3,False,1_E7,1,0.17136321773948357,42.84080443487089,0.0035527041075046058,42.84080443487089,0.3365703476155488,1.7399259469044641,0.21046858546858524,30653.81565945249,2,False,False,0.6006,105.03667718172127,519.3905830383297,1.5004166666666645,1_E7,14.002101072362555,0.24211404776013967,0.1454136970847399,30653.81565945249,2,True,E7,0.0,14.002101072362555
33,56,1,E8,mrka_12,14,155,E8,E8,1,1_yfb001_periplasmic_peptide_expression_pet-24b,155,17111.01824,60.38709677419355,12490,0.7299390267028316,601280,35.139930982856576,4,-8.621921847237008,5.39,17111.01824,4.0,16,25,hplc,S75_5-150,TBS,1,D1F-E8,0.65,1.5275,671.298980712891,142.4830549955368,2,False,1_E8,1,0.19519857109043665,48.79964277260916,0.00405473349008707,48.79964277260916,0.3388782578413019,1.744309437726578,0.22472797472797568,28732.056528009325,2,False,False,0.59995,116.13474337260014,676.4693260192875,1.5275,1_E8,15.498321600539056,0.26519206359620984,0.15910197855454608,28732.056528009325,2,True,E8,0.0,15.498321600539056
34,58,1,E10,mrka_3,14,155,E10,E10,1,1_yfb001_periplasmic_peptide_expression_pet-24b,155,17055.037740000003,61.61290322580645,12490,0.7323349376534418,599530,35.15266334438495,4,-6.62566729610959,5.83,17055.037740000003,4.0,16,25,hplc,S75_5-150,TBS,1,D1F-E10,0.65,1.5264166666666645,584.293842315674,131.6254241069158,3,False,1_E10,1,0.17973391318550483,44.93347829637621,0.003744394068164988,44.93347829637621,0.3395999895016941,1.745680246726883,0.22415759915759895,28806.561740642526,2,False,False,0.6006,105.48907915751221,588.1094932556155,1.5264166666666645,1_E10,14.062409322397938,0.23983492170882473,0.14404485397832015,28806.561740642526,2,True,E10,0.0,14.062409322397938
35,59,1,E11,mrka_4,16,157,E11,E11,1,1_yfb001_periplasmic_peptide_expression_pet-24b,157,17338.24054,58.40764331210191,16960,0.978184606498717,616880,35.579158022224554,4,-6.636700818172303,5.83,17338.24054,4.0,16,25,hplc,S75_5-150,TBS,1,D1F-E11,0.65,1.3238333333333356,660.179138183594,172.61114486058554,2,False,1_E11,1,0.1764607045682557,44.11517614206392,0.00485146795078073,44.11517614206392,0.33597282520114824,1.7387910526653796,0.11749736749736973,46753.355709459116,3,False,False,0.6006000000000005,151.02053177356856,665.6270027160647,1.3238333333333356,1_E11,14.826028116298838,0.25705724173319233,0.15438857938495543,46753.355709459116,3,True,E11,0.0,14.826028116298838
36,60,1,E12,mrka_5,15,156,E12,E12,1,1_yfb001_periplasmic_peptide_expression_pet-24b,156,17054.99434,63.141025641025635,13980,0.8197012394904142,600190,35.19145113946722,4,-7.628008128884439,5.59,17054.99434,4.0,16,25,hplc,S75_5-150,TBS,1,D1F-E12,0.65,1.5350833333333356,369.675636291504,109.9211749037107,3,False,1_E12,1,0.1340990712323989,33.524767808099725,0.0031235192452872197,33.524767808099725,0.33960054995707756,1.7456813112184744,0.2287206037206058,28215.887821482822,2,False,False,0.59995,89.02834167083174,374.1159439086915,1.5350833333333356,1_E12,10.614659193801646,0.18103295247131607,0.10861071983516607,28215.887821482822,2,True,E12,0.0,10.614659193801646
37,61,1,F1,mrka_8,18,159,F1,F1,1,1_yfb001_periplasmic_peptide_expression_pet-24b,159,17482.492940000004,61.88679245283019,12490,0.7144290029382959,602050,34.43730834419544,4,-6.625943927313672,5.84,17482.492940000004,4.0,16,25,hplc,S75_5-150,TBS,1,D1F-F1,0.65,1.5126041666666645,540.967464447021,147.9549707571666,3,False,1_F1,1,0.2070954148679001,51.773853716975026,0.004296356999750971,51.773853716975026,0.3341480008811639,1.7353251030069559,0.2168853106353104,29773.611572832946,2,False,False,0.6006000000000002,126.36234329144253,546.1668968200679,1.5126041666666645,1_F1,16.844956923439845,0.2944918404886413,0.17687179939747805,29773.611572832946,2,True,F1,0.0,16.844956923439845
38,62,1,F2,mrka_9,14,155,F2,F2,1,1_yfb001_periplasmic_peptide_expression_pet-24b,155,17153.228940000005,63.483870967741936,13980,0.8150069033008543,597410,34.82784507159967,4,-4.63144863951419,6.27,17153.228940000005,4.0,16,25,hplc,S75_5-150,TBS,1,D1F-F2,0.65,1.5386041666666646,806.022167205811,188.46573386589685,3,False,1_F2,1,0.23124434051121895,57.81108512780474,0.005411352137304097,57.81108512780474,0.33833561381925037,1.7432787758473616,0.2305743243243241,27979.400331203015,2,False,False,0.6006,142.95702985922634,811.3994598388676,1.5386041666666646,1_F2,17.02601521740376,0.2920511369600507,0.17540591285820645,27979.400331203015,2,True,F2,0.0,17.02601521740376
39,63,1,F3,pcsk9_1,15,156,F3,F3,1,1_yfb001_periplasmic_peptide_expression_pet-24b,156,17207.190440000002,65.0,12490,0.7258593460420839,607510,35.30558937662341,4,-8.522185739529203,5.59,17207.190440000002,4.0,16,25,hplc,S75_5-150,TBS,1,D1F-F3,0.65,1.5310208333333355,133.052349090576,45.191291491190604,3,False,1_F3,1,0.06225901992942101,15.564754982355252,0.0012800038829294473,15.564754982355252,0.33764384758793087,1.7419648811853419,0.22658169533169736,28491.242842404637,2,False,False,0.5999500000000002,35.06325338284198,141.6730880737303,1.5310208333333355,1_F3,4.679233461988121,0.0805164612936501,0.048305850953125395,28491.242842404637,2,True,F3,0.0,4.679233461988121
40,64,1,F4,pcsk9_10,15,156,F4,F4,1,1_yfb001_periplasmic_peptide_expression_pet-24b,156,17226.236840000005,65.0,12490,0.7250567907552348,603660,35.043057030208566,4,-7.623068684113589,5.61,17226.236840000005,4.0,16,25,hplc,S75_5-150,TBS,1,D1F-F4,0.65,1.5288541666666646,149.526596069336,49.41466826200486,3,False,1_F4,1,0.06815282456776037,17.03820614194009,0.0014101129424698127,17.03820614194009,0.3374001977443961,1.7415021089158549,0.22544094419094401,28639.19593826919,2,False,False,0.5629000000000002,32.667578279972396,154.98161315917974,1.5288541666666646,1_F4,4.646471240587764,0.08004121406061347,0.04505519939471934,28639.19593826919,2,True,F4,0.0,4.646471240587764
41,65,1,F5,pcsk9_11,15,156,F5,F5,1,1_yfb001_periplasmic_peptide_expression_pet-24b,156,17217.228940000005,65.0,12490,0.7254361339752271,607510,35.285004463674156,4,-8.522185739529203,5.59,17217.228940000005,4.0,16,25,hplc,S75_5-150,TBS,1,D1F-F5,0.65,1.5288541666666646,106.610298156738,47.216942350069715,4,False,1_F5,1,0.06508766263314107,16.271915658285266,0.001338158888393495,16.271915658285266,0.33751539713053624,1.7417209109499305,0.22544094419094401,28639.19593826919,2,False,False,0.6005999999999998,26.5351692040761,110.79025268554659,1.5288541666666646,1_F5,3.53731792681246,0.060902812579496306,0.036578229235245466,28639.19593826919,2,True,F5,0.0,3.5373179268124595
42,66,1,F6,pcsk9_2,15,156,F6,F6,1,1_yfb001_periplasmic_peptide_expression_pet-24b,156,17257.207040000005,62.49999999999999,13980,0.8100963248338009,613590,35.55557968202947,4,-8.5265319260593,5.59,17257.207040000005,4.0,16,25,hplc,S75_5-150,TBS,1,D1F-F6,0.65,1.5061041666666646,13.1959915161133,15.573686877886448,4,False,1_F6,1,0.019224487755924016,4.806121938981004,0.00043800964622601037,4.806121938981004,0.3370045880389254,1.740750714215264,0.21346305721305703,30239.861466283153,2,False,False,0.16770000000000018,2.6696962118148155,17.33446121215822,1.5061041666666646,1_F6,1.1387322257858838,0.019651337783507035,0.0032955293462941333,30239.861466283153,2,True,F6,0.0,1.1387322257858838
43,67,1,F7,pcsk9_3,15,156,F7,F7,1,1_yfb001_periplasmic_peptide_expression_pet-24b,156,17234.213240000005,61.858974358974365,13980,0.8111771512466209,608390,35.30129234956593,4,-7.6285613912926085,5.61,17234.213240000005,4.0,16,25,hplc,S75_5-150,TBS,1,D1F-F7,0.65,1.0706041666666646,10.2081298828125,8.648307383060452,3,False,1_F7,1,0.01066142872709086,2.6653571817727153,0.00024498557439262686,2.6653571817727153,0.33729824018509946,1.7413084575248976,-0.015827922077921996,85647.46054176961,5,False,False,0.02080000000000015,0.2850657105445872,14.697074890136719,1.0706041666666646,1_F7,0.9803349240143376,0.01689530112708229,0.0003514222634433142,85647.46054176961,5,True,F7,0.0,0.9803349240143375
44,68,1,F8,pcsk9_4,18,159,F8,F8,1,1_yfb001_periplasmic_peptide_expression_pet-24b,159,17513.468540000005,61.94968553459119,13980,0.798242790574025,622330,35.534365941196924,4,-8.5265319260593,5.59,17513.468540000005,4.0,16,25,hplc,S75_5-150,TBS,1,D1F-F8,0.65,1.5180208333333354,431.187152862549,104.48497503995895,3,False,1_F8,1,0.13089372841666716,32.72343210416679,0.0029403922730143286,32.72343210416679,0.333758116933792,1.7345845834295808,0.21973718848719045,29390.566180901846,2,False,False,0.5999500000000002,83.98207066456493,435.6579780578615,1.5180208333333354,1_F8,10.01300307030413,0.17536241426269486,0.10520868043690382,29390.566180901846,2,True,F8,0.0,10.01300307030413
45,69,1,F9,pcsk9_5,15,156,F9,F9,1,1_yfb001_periplasmic_peptide_expression_pet-24b,156,17222.248440000003,65.0,12490,0.7252247024256723,603660,35.05117244726031,4,-7.62365056978817,5.61,17222.248440000003,4.0,16,25,hplc,S75_5-150,TBS,1,D1F-F9,0.65,1.5256041666666644,67.049503326416,27.76992523670197,3,False,1_F9,1,0.0382914773087836,9.5728693271959,0.0007922680839987861,9.5728693271959,0.3374511967869047,1.7415989730972594,0.2237298174798172,28862.567410090738,2,False,False,0.28469999999999973,12.191887776057065,72.13973999023436,1.5256041666666644,1_F9,3.428633395246461,0.05904877614261528,0.016811186567802554,28862.567410090738,2,True,F9,0.0,3.428633395246461
46,70,1,F10,pcsk9_6,15,156,F10,F10,1,1_yfb001_periplasmic_peptide_expression_pet-24b,156,17236.275340000004,65.0,12490,0.7246345137580052,603660,35.022647764223976,4,-7.623068684113589,5.61,17236.275340000004,4.0,16,25,hplc,S75_5-150,TBS,1,D1F-F10,0.65,1.5277708333333355,95.8728790283203,57.346967200438186,3,False,1_F10,1,0.07913916065498013,19.784790163745033,0.0016374252337088787,19.784790163745033,0.3372718892684632,1.7412584083505664,0.22487056862057067,28713.46035372901,2,False,False,0.5993000000000002,25.928701480229897,99.68376159667967,1.5277708333333355,1_F10,3.463969437553031,0.059705930995008996,0.0357817644453089,28713.46035372901,2,True,F10,0.0,3.4639694375530308
47,72,1,F12,pcsk9_8,15,156,F12,F12,1,1_yfb001_periplasmic_peptide_expression_pet-24b,156,17345.36284,61.858974358974365,13980,0.805979103980508,611090,35.23074182056142,4,-6.627415186871355,5.85,17345.36284,4.0,16,25,hplc,S75_5-150,TBS,1,D1F-F12,0.65,2.4356041666666646,24.561882019043,26.591093202432,2,False,1_F12,1,0.03299228611648359,8.248071529120898,0.0007547696082548243,8.248071529120898,0.3358823708420231,1.7386192496859478,0.7028452965952958,3277.750554442449,0,False,False,0.5999500000000002,12.666016320387655,24.919033050537152,1.4996041666666644,1_F12,1.5101420970092345,0.026193962612583655,0.01571506786941957,30713.412756898782,2,False,F12,0.0,1.5101420970092345
48,73,1,G1,pcsk9_9,16,157,G1,G1,1,1_yfb001_periplasmic_peptide_expression_pet-24b,157,17297.315640000004,65.22292993630573,12490,0.7220773592820902,606440,35.0597753212995,4,-7.623068684113589,5.61,17297.315640000004,4.0,16,25,hplc,S75_5-150,TBS,1,D1F-G1,0.65,1.5277708333333355,76.3263702392578,28.925727128982533,2,False,1_G1,1,0.04005904181477358,10.014760453693395,0.0008250402880194612,10.014760453693395,0.33649329928143024,1.739779606435195,0.22487056862057067,28713.46035372901,2,False,False,0.26910000000000056,13.22102892398841,82.09323883056639,1.5277708333333355,1_G1,3.933590253544607,0.0680405522139887,0.0183097126007844,28713.46035372901,2,True,G1,0.0,3.933590253544607
49,74,1,G2,pdl1_1,18,159,G2,G2,1,1_yfb001_periplasmic_peptide_expression_pet-24b,159,17583.68404,68.0503144654088,13980,0.7950552323505012,608130,34.5849026072468,4,-8.627691185620106,5.41,17583.68404,4.0,16,25,hplc,S75_5-150,TBS,1,D1F-G2,0.65,1.4327083333333357,449.997425079346,161.44982681671777,2,False,1_G2,1,0.2030674351257428,50.7668587814357,0.004668216899442363,50.7668587814357,0.3328768750466278,1.7329108113385603,0.17482011232011452,36039.52964753753,2,False,False,0.6006000000000002,136.74873354037635,454.6194076538089,1.4327083333333357,1_G2,16.28661437994246,0.28637868133822875,0.17199903601174024,36039.52964753753,2,True,G2,0.0,16.28661437994246
50,76,1,G4,pdl1_11,16,157,G4,G4,1,1_yfb001_periplasmic_peptide_expression_pet-24b,157,17497.509340000004,63.94904458598725,19480,1.11330130600176,624320,35.68050674348146,4,-8.626268033767106,5.39,17497.509340000004,4.0,16,25,hplc,S75_5-150,TBS,1,D1F-G4,0.65,1.5518750000000001,913.871765136719,214.80315353473028,3,False,1_G4,1,0.19294251464247425,48.23562866061856,0.006020182254669718,48.23562866061856,0.3339589061339505,1.7349659490504152,0.237561425061426,27105.702408596942,2,False,False,0.59995,170.05706040064518,917.1609878540041,1.5518750000000001,1_G4,14.55092684833979,0.2546049784344824,0.1527502568117677,27105.702408596942,2,True,G4,0.0,14.55092684833979
51,77,1,G5,pdl1_12,18,159,G5,G5,1,1_yfb001_periplasmic_peptide_expression_pet-24b,159,17522.646640000003,69.30817610062893,12490,0.7127918662405897,611050,34.872015201466155,4,-7.624215204762509,5.61,17522.646640000003,4.0,16,25,hplc,S75_5-150,TBS,1,D1F-G5,0.65,1.5052916666666645,366.212368011475,151.88603842258456,3,False,1_G5,1,0.2130860993457496,53.2715248364374,0.004355527994155,53.2715248364374,0.333642726370567,1.7343654182864956,0.2130352755352753,30298.65375467524,2,False,False,0.5993000000000002,131.06162019570667,370.0141906738285,1.5052916666666645,1_G5,17.509301309989308,0.3068092997682318,0.18387081335110136,30298.65375467524,2,True,G5,0.0,17.509301309989308
52,79,1,G7,pdl1_3,18,159,G7,G7,1,1_yfb001_periplasmic_peptide_expression_pet-24b,159,17608.693740000002,68.67924528301887,12490,0.7093087190009812,611050,34.70160870660926,4,-9.623056679092091,5.24,17608.693740000002,4.0,16,25,hplc,S75_5-150,TBS,1,D1F-G7,0.65,1.506375,70.8456039428711,25.043464303016684,2,False,1_G7,1,0.0353068609367849,8.826715234196225,0.0007216802112763988,8.826715234196225,0.33256383969371717,1.7323162528582654,0.21360565110565202,30220.289399330923,2,False,False,0.24504999999999977,11.400466303030445,75.03843307495117,1.506375,1_G7,3.7248215395104762,0.06558924172539529,0.0160726436848081,30220.289399330923,2,True,G7,0.0,3.7248215395104762
53,82,1,G10,pdl1_6,18,159,G10,G10,1,1_yfb001_periplasmic_peptide_expression_pet-24b,159,17569.65714,68.0503144654088,13980,0.7956899721265706,608130,34.61251378750582,4,-8.627691185620106,5.41,17569.65714,4.0,16,25,hplc,S75_5-150,TBS,1,D1F-G10,0.65,1.0817083333333355,10.3192329406738,8.234135468800883,3,False,1_G10,1,0.010348421819109062,2.5871054547772654,0.0002378947544622773,2.5871054547772654,0.3330526384923602,1.7332446447098215,-0.009981572481570172,83403.86576620318,5,False,False,0.031200000000000117,0.4131602048873901,14.22357559204099,1.0817083333333355,1_G10,0.9472327796288391,0.01664255516984788,0.0005192477212992557,83403.86576620318,5,True,G10,0.0,0.9472327796288391
54,86,1,H2,ppia_1,15,156,H2,H2,1,1_yfb001_periplasmic_peptide_expression_pet-24b,156,17306.279139999995,61.21794871794871,16960,0.9799911270817515,612350,35.38311124224708,4,-7.637559018823302,5.59,17306.279139999995,4.0,16,25,hplc,S75_5-150,TBS,1,D1F-H2,0.65,1.0892916666666645,10.6821060180664,8.635787447293627,4,False,1_H2,1,0.008812107792250678,2.2030269480626696,0.00024406523745663673,2.2030269480626696,0.33637919817433737,1.7395628903991232,-0.005988943488943436,81905.5231233835,5,False,False,0.045500000000000096,0.6615739862123786,15.15674591064453,1.0892916666666645,1_H2,0.8573164863834455,0.014836958424675913,0.0006750816083227555,81905.5231233835,5,True,H2,0.0,0.8573164863834455
55,87,1,H3,ppia_10,14,155,H3,H3,1,1_yfb001_periplasmic_peptide_expression_pet-24b,155,17154.129340000003,67.22580645161291,19480,1.1355866342092065,618210,36.038553035650594,4,-8.627719808886521,5.37,17154.129340000003,4.0,16,25,hplc,S75_5-150,TBS,1,D1F-H3,0.65,1.3081250000000002,305.367946624756,113.1625098983447,3,False,1_H3,1,0.09965114636731189,24.91278659182797,0.0031400403281008644,24.91278659182797,0.33832405318525494,1.7432568183498596,0.10922692172692287,48542.38703534994,3,False,False,0.5999499999999999,92.8932199875501,309.48114395141613,1.3081250000000002,1_H3,7.948405350304697,0.13634797342587482,0.08180196665685358,48542.38703534994,3,True,H3,0.0,7.948405350304697
56,88,1,H4,ppia_11,20,161,H4,H4,1,1_yfb001_periplasmic_peptide_expression_pet-24b,161,17667.721239999995,64.22360248447204,13980,0.7912735213610379,615040,34.8115069082899,4,-7.627414870643689,5.61,17667.721239999995,4.0,16,25,hplc,S75_5-150,TBS,1,D1F-H4,0.65,1.5237083333333354,510.124683380127,133.82905497153604,3,False,1_H4,1,0.16913121867308545,42.28280466827136,0.0038443913193446514,42.28280466827136,0.3318267780764934,1.7309163271599517,0.22273166023166224,28993.671117482438,2,False,False,0.6006000000000001,109.54305698474337,516.3922309875489,1.5237083333333354,1_H4,13.046450090770382,0.23050104337530378,0.13843892665120747,28993.671117482438,2,True,H4,0.0,13.046450090770382
57,89,1,H5,ppia_2,15,156,H5,H5,1,1_yfb001_periplasmic_peptide_expression_pet-24b,156,17292.208839999996,61.21794871794871,16960,0.9807885248741887,612750,35.43503352692565,4,-8.636412181946719,5.37,17292.208839999996,4.0,16,25,hplc,S75_5-150,TBS,1,D1F-H5,0.65,1.5751666666666644,346.826076507568,88.54727063576382,3,False,1_H5,1,0.09028171556872802,22.570428892182004,0.0024988623354477804,22.570428892182004,0.33655833286783166,1.7399031268936334,0.2498244998244995,25637.716027723414,1,False,False,0.5850000000000002,69.74110670884531,354.1145324707028,1.5751666666666644,1_H5,7.029219753753959,0.12155073596416682,0.07110718053903761,25637.716027723414,1,True,H5,0.0,7.029219753753959
58,91,1,H7,ppia_4,13,154,H7,H7,1,1_yfb001_periplasmic_peptide_expression_pet-24b,154,17018.02184,65.77922077922078,23490,1.3803014369618414,628950,36.957879471143045,4,-8.62279173668184,5.38,17018.02184,4.0,16,25,hplc,S75_5-150,TBS,1,D1F-H7,0.65,1.5708333333333355,629.250526428223,146.0932932694753,3,False,1_H7,1,0.10584158601692022,26.460396504230054,0.003952967414798404,26.460396504230054,0.34007852129227345,1.7465891381077898,0.24754299754299958,25904.67723684482,2,False,False,0.6006,117.26005657514072,632.3566436767582,1.5708333333333355,1_H7,8.311544888710035,0.14144605244020778,0.08495249909558879,25904.67723684482,2,True,H7,0.0,8.311544888710035
59,93,1,H9,ppia_6,12,153,H9,H9,1,1_yfb001_periplasmic_peptide_expression_pet-24b,153,16841.73004,59.28104575163398,12490,0.741610272242554,587200,34.865776770282444,4,-9.622198162213422,5.23,16841.73004,4.0,16,25,hplc,S75_5-150,TBS,1,D1F-H9,0.65,1.5245208333333355,645.932674407959,135.09621024131772,2,False,1_H9,1,0.18216604502092523,45.541511255231306,0.0038747511960343256,45.541511255231306,0.34237195245046603,1.7509451283542503,0.22315944190944398,28937.411051022507,2,False,False,0.5999499999999995,109.74410768349964,649.3725776672363,1.5245208333333355,1_H9,14.645483558577801,0.24665528039882587,0.14798083547527546,28937.411051022507,2,True,H9,0.0,14.645483558577801
