Plate ID,Well ,600 nm Abs.,1,2,3,5,6,7,9,10,11,,,,,,,,
,A1,0.584,5.84,5.36,5.8,5.620000000000001,5.67,2.6,5.6000000000000005,5.18,5.2700000000000005,,,,,,,,
,B1,0.525,5.25,1.41,5,4.9,4.85,4.26,5.390000000000001,0.9199999999999999,5.2,,,,,,,,
,C1,0.101,1.01,1.1600000000000001,1.62,0.05,1.61,0.8799999999999999,2.27,1.3900000000000001,1.42,,,,,,,,
,D1,0.18,1.7999999999999998,1.24,1.42,1.55,1.31,1.1300000000000001,1.35,0.99,1.6800000000000002,,,,,,,,
,E1,0.415,4.1499999999999995,4.44,5.25,4,5.659999999999999,0.63,3.4000000000000004,4.83,5.09,,,,,,,,
,F1,0.506,5.0600000000000005,0.8899999999999999,4.49,4.54,5.25,3.96,6.05,0.99,6.78,,,,,,,,
,G1,0.025,0.25,0.9199999999999999,3.12,3.62,4.13,3.8,4.25,0.25,0.13,,,,,,,,
,H1,0.204,2.04,4.9,5.17,4.699999999999999,5.12,4.44,3,0.77,3.13,,,,,,,,
,A2,0.536,,,,,,,,,,,,,,,,,
,B2,0.141,,,,,,,,,,,,,,,,,
,C2,0.116,,,1,3,4,5,7,8,9,11,12,,,,,,
,D2,0.124,,,-,+,+,-,+,-,-,+,+,,,,,,
,E2,0.444,,,+,+,-,+,+,+,+,+,+,,,,,,
,F2,0.089,,,+,-,-,-,+,+,+,+,+,,,,,,
,G2,0.092,,,-,-,+,+,+,+,+,+,+,,,,,,
,H2,0.49,,,-,-,+,+,-,-,+,+,+,,,,,,
,A3,0.58,,,+,-,+,+,+,+,-,+,+,,,,,,
,B3,0.5,,,-,-,-,-,-,-,-,-,+,,,,,,
,C3,0.162,,,-,-,-,-,-,+,-,+,+,,,,,,
,D3,0.142,,,,,,,,,,,,,,,,,
,E3,0.525,,,,,,,,,,,,,,,,,
,F3,0.449,,,,,,,,,,,,,,,,,
,G3,0.312,,,,,,,,,,,,,,,,,
,H3,0.517,,,,,,,,,,,,,,,,,
,A4,0.568,,,,,,,,,,,,,,,,,
,B4,0.496,,,,,,,,,,,,,,,,,
,C4,0.116,,,,,,,,,,,,,,,,,
,D4,0.131,,,,,,,,,,,,,,,,,
,E4,0.388,,,,,,,,,,,,,,,,,
,F4,0.479,,,,,,,,,,,,,,,,,
,G4,0.374,,,,,,,,,,,,,,,,,
,H4,0.467,,,,,,,,,,,,,,,,,
,A5,0.562,,,,,,,,,,,,,,,,,
,B5,0.49,,,,,,,,,,,,,,,,,
,C5,0.005,,,,,,,,,,,,,,,,,
,D5,0.155,,,,,,,,,,,,,,,,,
,E5,0.4,,,,,,,,,,,,,,,,,
,F5,0.454,,,,,,,,,,,,,,,,,
,G5,0.362,,,,,,,,,,,,,,,,,
,H5,0.47,,,,,,,,,,,,,,,,,
,A6,0.567,,,,,,,,,,,,,,,,,
,B6,0.485,,,,,,,,,,,,,,,,,
,C6,0.161,,,,,,,,,,,,,,,,,
,D6,0.131,,,,,,,,,,,,,,,,,
,E6,0.566,,,1,3,4,5,7,8,9,11,12,,,,,,
,F6,0.525,,A,+,+,-,-,+,-,-,+,+,,,,,,
,G6,0.413,,B,+,+,-,+,+,+,+,+,+,,,,,,
,H6,0.512,,C,M,-,-,-,C,+,+,+,+,,,,,,
,A7,0.26,,D,-,-,+,+,M,+,+,+,+,,,,,,
,B7,0.426,,E,-,-,+,+,-,-,+,+,+,,,,,,
,C7,0.088,,F,+,-,+,+,+,+,+,+,+,,,,,,
,D7,0.113,,G,-,-,+,-,-,-,-,+,+,,,,,,
,E7,0.063,,H,-,-,+,-,-,+,-,+,+,,,,,,
,F7,0.396,,,,,,,,,,,,,,,,,
,G7,0.38,,,,,,,,,,,,,,,,,
,H7,0.444,,,,,,,,,,,,,,,,,
,A8,0.595,,,NAME,WELL,SORT,NAME,WELL,SORT,NAME,WELL,SORT,NAME,WELL,SORT,HR length,SR Tm,
,B8,0.398,,,A1,A1,B01,C1,C1,B1,E1,E1,B1,G1,G1,B1,13,52.8965548350311,B1
,C8,0.107,,,B1,A2,B02,D1 ,C2,B2,F1,E2,B2,H1,G2,B2,16,47.5629901388712,D1
,D8,0.122,,B9,A2,A3,B03,C2,C3,B3,E2,E3,B3,G2,G3,B3,14,48.2349924226741,B2
,E8,0.625,,,B2,A4,B04,D2,C4,B4,F2,E4,B4,H2,G4,B4,19,47.7818896691133,D2
,F8,0.474,,B11,A3,A5,B05,C3,C5,B5,E3,E5,B5,G3,G5,B5,14,52.7196272349348,B3
,G8,0.443,,,B3,A6,B06,D3,C6,B6,F3,E6,B6,H3,G6,B6,18,49.2812560161344,D3
,H8,0.065,,D1,A4,A7,B07,C4,C7,B7,E4,E7,B7,G4,G7,B7,12,51.8280950567402,B4
,A9,0.56,,,B4,A8,B08,D4,C8,B8,F4,E8,B8,H4,G8,B8,16,49.6492568549348,D4
,B9,0.539,,D3,A5,A9,B09,C5,C9,B9,E5,E9,B9,G5,G9,B9,15,47.2916018151696,B5
,C9,0.227,,,B5,A10,B10,D5,C10,B10,F5,E10,B10,H5,G10,B10,16,50.2402844563457,D5
,D9,0.135,,D5,A6,A11,B11,C6,C11,B11,E6,E11,B11,G6,G11,B11,14,49.5470269288533,B6
,E9,0.34,,,B6,A12,B12,D6,C12,B12,F6,E12,B12,H6,G12,B12,14,52.3133943030745,D6
,F9,0.605,,D7,A7,B1,D01,C7,D1,D1,E7,F1,D1,G7,H1,D1,18,47.5659726329213,B7
,G9,0.425,,,B7,B2,D02,D7,D2,D2,F7,F2,D2,H7,H2,D2,15,47.4793233691524,D7
,H9,0.3,,D9,A8,B3,D03,C8,D3,D3,E8,F3,D3,G8,H3,D3,14,48.9499630081825,B8
,A10,0.518,,,B8,B4,D04,D8,D4,D4,F8,F4,D4,H8,H4,D4,18,47.7056441800499,D8
,B10,0.092,,D11,A9,B5,D05,C9,D5,D5,E9,F5,D5,G9,H5,D5,14,49.1365469909239,B9
,C10,0.139,,,B9,B6,D06,D9,D6,D6,F9,F6,D6,H9,H6,D6,14,49.164955590254,D9
,D10,0.099,,B2,A10,B7,D07,C10,D7,D7,E10,F7,D7,D7,H7,D7,14,50.8269261350598,B10
,E10,0.483,,,B10,B8,D08,D10,D8,D8,F10,F8,D8,H10,H8,D8,15,47.7313534066573,D10
,F10,0.099,,B4,A11,B9,D09,C11,D9,D9,E11,F9,D9,G11,H9,D9,15,47.1752034137044,B11
,G10,0.025,,,B11,B10,D10,D11,D10,D10,F11,F10,D10,H11,H10,D10,16,48.649291671718,D11
,H10,0.077,,B6,A12,B11,D11,C12,D11,D11,E12,F11,D11,G12,H11,D11,14,49.7510551205717,B12
,A11,0.527,,,B12,B12,D12,D12,D12,D12,F12,F12,D12,H12,H12,D12,16,48.9325288737779,D12
,B11,0.52,,,,,,,,,,,,,,,,,
,C11,0.142,,,,,,,,,,,,,,,,,
,D11,0.168,,,,,,,,,,,,,,,,,
,E11,0.509,,,,,,,,,,,,,,,,,
,F11,0.678,,,,,,,,,,,,,,,,,
,G11,0.013,,,,,,,,,,,,,,,,,
,H11,0.313,,,,,,,,,,,,,,,,,
,A12,0.496,,,,,,,,,,,,,,,,,
,B12,0.475,,,,,,,,,,,,,,,,,
,C12,0.111,,,,,,,,,,,,,,,,,
,D12,0.153,,,,,,,,,,,,,,,,,
,E12,0.558,,,,,,,,,,,,,,,,,
,F12,0.597,,,,,,,,,,,,,,,,,
,G12,0.268,,,,,,,,,,,,,,,,,
,H12,0.519,,,,,,,,,,,,,,,,,
