,410
A1,88.5571571680744
A10,1.26960612046227
A11,-0.28482972011164437
A12,-0.8826896587939198
A2,0.6717461817799946
A3,1.150034132725815
A4,-0.5239736955845545
A5,2.106610034617454
A6,0.6717461817799946
A7,0.1934582308341743
A8,-0.7631176710574648
A9,-0.16525773237519095
B,-0.8627609941711778
B1,0.7913181695164497
B10,-0.045685744638735884
B11,-0.16525773237519095
B12,-0.045685744638735884
B2,6.411201593129832
B3,-0.045685744638735884
B4,-0.16525773237519095
B5,0.31303021857062935
B6,-0.28482972011164437
B7,0.6717461817799946
B8,-0.16525773237519095
B9,-0.045685744638735884
BSA1,126.34190529279417
BSA2,5.81334165444756
C1,-0.5239736955845545
C10,-0.4044017078480995
C11,0.0738862430977192
C12,0.5521741940435395
C2,0.43260220630708446
C3,0.5521741940435395
C4,1.150034132725815
C5,123.71132156259218
C6,0.0738862430977192
C7,0.9108901572529048
C8,0.9108901572529048
C9,0.43260220630708446
D1,0.1934582308341743
D10,0.1934582308341743
D11,0.6717461817799946
D12,-1.0022616465303749
D2,-0.7631176710574648
D3,-0.6435456833210096
D4,-0.6435456833210096
D5,-0.28482972011164437
D6,13.585520857317134
D7,0.31303021857062935
D8,34.510618711196756
D9,0.7913181695164497
E1,-0.4044017078480995
E10,1.987038046880999
E11,0.1934582308341743
E12,96.44890835868044
E2,17.6509684403566
E3,-0.4044017078480995
E4,-0.28482972011164437
E5,0.6717461817799946
E6,42.40236990180278
E7,4.2589058138736435
E8,1.6283220836716352
E9,2.345754010090364
F1,0.0738862430977192
