gel,signal,temp_C,design,pct_of_total_lane
NS,NS,16,1,7.2
NS,NS,16,1,24.55
NS,NS,16,2,8.71
NS,NS,16,2,17.35
NS,NS,16,3,14.04
NS,NS,16,3,23.9
NS,NS,16,4,14.69
NS,NS,16,4,22.44
NS,NS,22,1,22.47
NS,NS,22,1,38.5
NS,NS,22,2,26.28
NS,NS,22,2,31.47
NS,NS,22,3,34.21
NS,NS,22,3,40.62
NS,NS,22,4,20.34
NS,NS,22,4,26.01
NS,NS,37,1,28.17
NS,NS,37,1,31.09
NS,NS,37,2,22.44
NS,NS,37,2,22.81
NS,NS,37,3,22.24
NS,NS,37,3,30.9
NS,NS,37,4,5.18
NS,NS,37,4,18.82
VNp15/PelB,VNp15,16,1,19.12
VNp15/PelB,PelB,16,1,12.73
VNp15/PelB,VNp15,16,2,21.79
VNp15/PelB,PelB,16,2,12.19
VNp15/PelB,VNp15,16,3,24.24
VNp15/PelB,PelB,16,3,15.79
VNp15/PelB,VNp15,16,4,17.94
VNp15/PelB,PelB,16,4,11.4
VNp15/PelB,VNp15,22,1,27.67
VNp15/PelB,PelB,22,1,13.37
VNp15/PelB,VNp15,22,2,21.28
VNp15/PelB,PelB,22,2,14.19
VNp15/PelB,VNp15,22,3,37.09
VNp15/PelB,PelB,22,3,15.8
VNp15/PelB,VNp15,22,4,25.8
VNp15/PelB,PelB,22,4,11.58
VNp15/PelB,VNp15,37,1,24.05
VNp15/PelB,PelB,37,1,9.42
VNp15/PelB,VNp15,37,2,14.6
VNp15/PelB,PelB,37,2,11.68
VNp15/PelB,VNp15,37,3,30.48
VNp15/PelB,PelB,37,3,12.25
VNp15/PelB,VNp15,37,4,18.71
VNp15/PelB,PelB,37,4,7.35
DsbA/MalE,DsbA,16,1,3.77
DsbA/MalE,MalE,16,1,5.81
DsbA/MalE,DsbA,16,2,7.53
DsbA/MalE,MalE,16,2,5.5
DsbA/MalE,DsbA,16,3,8.72
DsbA/MalE,MalE,16,3,5.72
DsbA/MalE,DsbA,16,4,3.66
DsbA/MalE,MalE,16,4,2.89
DsbA/MalE,DsbA,22,1,13.76
DsbA/MalE,MalE,22,1,8.41
DsbA/MalE,DsbA,22,2,12.55
DsbA/MalE,MalE,22,2,11.17
DsbA/MalE,DsbA,22,3,11.22
DsbA/MalE,MalE,22,3,7.1
DsbA/MalE,DsbA,22,4,4.19
DsbA/MalE,MalE,22,4,2.6
DsbA/MalE,DsbA,37,1,6.81
DsbA/MalE,MalE,37,1,7.87
DsbA/MalE,DsbA,37,2,8.67
DsbA/MalE,MalE,37,2,5.62
DsbA/MalE,DsbA,37,3,8.11
DsbA/MalE,MalE,37,3,6.57
DsbA/MalE,DsbA,37,4,5.8
DsbA/MalE,MalE,37,4,5.03
OmpA/PhoA,OmpA,16,1,16.25
OmpA/PhoA,PhoA,16,1,9.85
OmpA/PhoA,OmpA,16,2,14.42
OmpA/PhoA,PhoA,16,2,12.09
OmpA/PhoA,OmpA,16,3,17.25
OmpA/PhoA,PhoA,16,3,13.88
OmpA/PhoA,OmpA,16,4,13.18
OmpA/PhoA,PhoA,16,4,8.58
OmpA/PhoA,OmpA,22,1,9.47
OmpA/PhoA,PhoA,22,1,5.16
OmpA/PhoA,OmpA,22,2,14.89
OmpA/PhoA,PhoA,22,2,16.0
OmpA/PhoA,OmpA,22,3,31.19
OmpA/PhoA,PhoA,22,3,19.21
OmpA/PhoA,OmpA,22,4,15.17
OmpA/PhoA,PhoA,22,4,12.57
OmpA/PhoA,OmpA,37,1,11.45
OmpA/PhoA,PhoA,37,1,9.23
OmpA/PhoA,OmpA,37,2,7.06
OmpA/PhoA,PhoA,37,2,8.88
OmpA/PhoA,OmpA,37,3,15.19
OmpA/PhoA,PhoA,37,3,15.36
OmpA/PhoA,OmpA,37,4,13.28
OmpA/PhoA,PhoA,37,4,8.94
